year,stFips,cropCd,yieldDev
1980,6,41,-0.019708821128461854
1981,6,41,-0.06634009553774914
1982,6,41,-0.028744181450164958
1983,6,41,-0.044372121230326654
1984,6,41,0.14727078465790902
1985,6,41,0.09808118647739356
1986,6,41,0.0043852447367713505
1987,6,41,0.12193650370701424
1988,6,41,-0.014198036745244126
1989,6,41,0.07905367326467028
1990,6,41,-0.038876062721624985
1991,6,41,-0.20195716196270228
1992,6,41,-0.03941096708523889
1993,6,41,0.03815392432369181
1994,6,41,0.09744890444917995
1995,6,41,-0.15415637064765922
1996,6,41,0.09883901050629675
1997,6,41,0.2241540109103579
1998,6,41,0.058072380679321384
1999,6,41,-0.01126786006508114
2000,6,41,0.08598121577699576
2001,6,41,-0.027471218032136268
2002,6,41,-0.18068263731729614
2003,6,41,-0.2445711644319799
2004,6,41,-0.11272826990022895
2005,6,41,-0.2554406745369775
2006,6,41,-0.3347474768955574
2007,6,41,0.03689539869532063
2008,6,41,-0.013347568889140175
2009,6,41,0.06893149926273981
2010,6,41,0.20311070115552476
2011,6,41,-0.0561248389580477
2012,6,41,0.19960640851098682
2013,6,41,0.3191519315708205
1980,8,41,-0.2088623916095314
1981,8,41,-0.07445391812542002
1982,8,41,-0.11212327679061812
1983,8,41,-0.18628053940747874
1984,8,41,-0.07587164807617555
1985,8,41,0.007116365288115314
1986,8,41,0.06720641750050141
1987,8,41,0.13513250323225626
1988,8,41,0.19301167287083462
1989,8,41,0.08807455606816261
1990,8,41,0.14605273935028001
1991,8,41,0.13090978858687952
1992,8,41,0.11089246530606205
1993,8,41,-0.10362236656180615
1994,8,41,0.1175225000571438
1995,8,41,-0.1837732197625429
1996,8,41,0.06251796989769644
1997,8,41,0.10239045717326158
1998,8,41,0.10300728740127742
1999,8,41,0.08351762460270795
2000,8,41,-0.10154573819817102
2001,8,41,0.026692727984954985
2002,8,41,-0.24827555326676332
2003,8,41,-0.0717940267428938
2004,8,41,-0.024878150852117656
2005,8,41,0.06413042123694566
2006,8,41,0.11571938913188982
2007,8,41,0.027341428440552467
2008,8,41,-0.08140347424524842
2009,8,41,0.14145301903827145
2010,8,41,0.13753957102737896
2011,8,41,-0.04656341883350057
2012,8,41,-0.21836231421818125
2013,8,41,-0.12259374747715082
1980,13,41,-0.2796955337172558
1981,13,41,-0.13574355773557958
1982,13,41,0.4683479512676933
1983,13,41,0.2087980918973722
1984,13,41,0.3014105247613539
1985,13,41,0.2641264849733099
1986,13,41,-0.2474250446613534
1987,13,41,0.15867186605370276
1988,13,41,-0.2352077978995541
1989,13,41,0.2222729001702413
1990,13,41,-0.2194850986542001
1991,13,41,0.22020106833151035
1992,13,41,0.18485219861837687
1993,13,41,-0.2477467434395518
1994,13,41,0.15367892388247048
1995,13,41,-0.0758622553641673
1996,13,41,-0.01989778211701233
1997,13,41,0.046978434833824315
1998,13,41,-0.5144549268984601
1999,13,41,-0.07364986673583793
2000,13,41,-0.27082529309877573
2001,13,41,0.10857197045092347
2002,13,41,-0.08796440619394799
2003,13,41,0.01969103540298958
2004,13,41,-0.008643212357910489
2005,13,41,-0.012707114237574252
2006,13,41,-0.21750611606093093
2007,13,41,-0.029672636624233396
2008,13,41,-0.006023927839398424
2009,13,41,0.023251979830010285
2010,13,41,-0.02136968015270849
2011,13,41,-0.015319417941364
2012,13,41,0.26261524945209325
2013,13,41,0.2215394888000635
1980,17,41,-0.13503270992738878
1981,17,41,0.14966002286980373
1982,17,41,0.17755707581784066
1983,17,41,-0.3118345077313514
1984,17,41,-0.009494781028812686
1985,17,41,0.15825217587453624
1986,17,41,0.14117691421830286
1987,17,41,0.10172671484785387
1988,17,41,-0.40868556006524986
1989,17,41,-0.001878907245479532
1990,17,41,0.01009364196458808
1991,17,41,-0.16050518206116504
1992,17,41,0.15747427568814773
1993,17,41,-0.03895083881322607
1994,17,41,0.17858617020889775
1995,17,41,-0.1637237406997703
1996,17,41,-0.005726253488215145
1997,17,41,-0.06499381365265135
1998,17,41,0.007702835072803932
1999,17,41,-0.012231647305209864
2000,17,41,0.05219100937081119
2001,17,41,0.045437768809388566
2002,17,41,-0.08721357737582136
2003,17,41,0.100278820439208
2004,17,41,0.1935944327437912
2005,17,41,-0.06287536954618456
2006,17,41,0.05448639888608123
2007,17,41,0.12091272047722047
2008,17,41,0.1272301298545376
2009,17,41,0.0829488672019393
2010,17,41,-0.033222511826057025
2011,17,41,-0.04412559700330934
2012,17,41,-0.38525500587012057
2013,17,41,0.05897060471229188
1980,18,41,-0.0801021119937871
1981,18,41,0.0041996451389951115
1982,18,41,0.16780229972548225
1983,18,41,-0.3468598614407431
1984,18,41,0.05207961133910143
1985,18,41,0.09358052428579813
1986,18,41,0.0667447010118843
1987,18,41,0.16527825037419308
1988,18,41,-0.30426109964455383
1989,18,41,0.11108358338692303
1990,18,41,0.06407870067730197
1991,18,41,-0.2511493257539275
1992,18,41,0.18644114994178193
1993,18,41,0.045041142138245734
1994,18,41,0.12976735396040998
1995,18,41,-0.12098319132512177
1996,18,41,-0.06340917903970461
1997,18,41,-0.08149197116106253
1998,18,41,7.67682686202432e-05
1999,18,41,-0.027734114392028827
2000,18,41,0.058038378907409066
2001,18,41,0.12137018485472507
2002,18,41,-0.15016751295982655
2003,18,41,0.008993029276682437
2004,18,41,0.1566914624461308
2005,18,41,0.05653661577266009
2006,18,41,0.06512025489814897
2007,18,41,0.034955312919342556
2008,18,41,0.039352199222761355
2009,18,41,0.11822558534847019
2010,18,41,0.009784008016307338
2011,18,41,-0.06618491178843901
2012,18,41,-0.3798136128532826
2013,18,41,0.10875161636763753
1980,19,41,0.03490041444243941
1981,19,41,0.1663291206791901
1982,19,41,0.09106529660156984
1983,19,41,-0.2381193882030501
1984,19,41,-0.014379974829959582
1985,19,41,0.10160531702670425
1986,19,41,0.1641952856627507
1987,19,41,0.0965145650742393
1988,19,41,-0.3248583805593977
1989,19,41,-0.0433164015042505
1990,19,41,0.0003393139692122195
1991,19,41,-0.08002873672178569
1992,19,41,0.14248398734679954
1993,19,41,-0.4285773166824618
1994,19,41,0.1381942255604944
1995,19,41,-0.09539899647680344
1996,19,41,0.0006828354959327184
1997,19,41,-0.015693852525713863
1998,19,41,0.019176136375229604
1999,19,41,0.0308169436105572
2000,19,41,-0.018023035763671254
2001,19,41,-0.020075683311265604
2002,19,41,0.07501892533570118
2003,19,41,0.016832631065671146
2004,19,41,0.1666180892466314
2005,19,41,0.09998392339794958
2006,19,41,0.04504324838385013
2007,19,41,0.060770074303738666
2008,19,41,0.02919890783199249
2009,19,41,0.09862737777868841
2010,19,41,-0.020846758191634392
2011,19,41,0.005442054384580649
2012,19,41,-0.21473598069208835
2013,19,41,-0.06742686425900343
1980,20,41,-0.39169714551190116
1981,20,41,0.017817573257055023
1982,20,41,-0.08213845854751473
1983,20,41,-0.3096641368204207
1984,20,41,-0.049454914926506416
1985,20,41,0.06663125920547631
1986,20,41,0.13647638029217288
1987,20,41,-0.01201788968559094
1988,20,41,0.03464403966857895
1989,20,41,0.01346600237044521
1990,20,41,0.050757726656761475
1991,20,41,0.0175458829197432
1992,20,41,0.24030245643888784
1993,20,41,-0.04912557066813807
1994,20,41,0.14464892895896198
1995,20,41,-0.008146467072366754
1996,20,41,0.24202585704893506
1997,20,41,0.17032031378628557
1998,20,41,0.2037756000962908
1999,20,41,0.14502135773017275
2000,20,41,0.02108997669889516
2001,20,41,-0.044206251218791265
2002,20,41,-0.21325433314776024
2003,20,41,-0.12657890285219944
2004,20,41,0.1717739157489019
2005,20,41,0.0685882122890021
2006,20,41,-0.1410646620699144
2007,20,41,0.08166162171612472
2008,20,41,0.04527325134974521
2009,20,41,0.20246192189969728
2010,20,41,-0.016393422582283497
2011,20,41,-0.25026444497772027
2012,20,41,-0.3430695865023314
2013,20,41,-0.04186051900273715
1980,21,41,-0.14144609487841536
1981,21,41,0.15878254323248334
1982,21,41,0.1882056536912138
1983,21,41,-0.524312650824954
1984,21,41,0.09740303375698611
1985,21,41,0.10838493624765513
1986,21,41,-0.04205065497267205
1987,21,41,0.05732534840957985
1988,21,41,-0.29911335773182995
1989,21,41,0.14346348739399892
1990,21,41,-0.032550632245542194
1991,21,41,-0.15242053720984405
1992,21,41,0.2636847472067038
1993,21,41,-0.050159429188522946
1994,21,41,0.16397335610331615
1995,21,41,-0.050031680724145426
1996,21,41,0.1098964242959108
1997,21,41,-0.11176035972365464
1998,21,41,-0.023325835011231467
1999,21,41,-0.13690494985515453
2000,21,41,0.08676388948042686
2001,21,41,0.1570177650934934
2002,21,41,-0.1612706195887965
2003,21,41,0.08782834348154768
2004,21,41,0.21231958309745796
2005,21,41,0.038392454068144295
2006,21,41,0.11237527915738454
2007,21,41,-0.037488857315674216
2008,21,41,0.0020630974162162254
2009,21,41,0.21986623704077934
2010,21,41,-0.12022237631784
2011,21,41,-0.0023416516318687593
2012,21,41,-0.5263476970969898
2013,21,41,0.17696459835429948
1980,26,41,0.10320393971340894
1981,26,41,0.0993377107005053
1982,26,41,0.19185526887229484
1983,26,41,-0.056402842925679104
1984,26,41,-0.11412612762218544
1985,26,41,0.11226597051167395
1986,26,41,0.08322990884579597
1987,26,41,-0.034598549693618086
1988,26,41,-0.39516452204189795
1989,26,41,0.07709234492158974
1990,26,41,0.08353432982646902
1991,26,41,0.04382824940361123
1992,26,41,-0.05751887245898197
1993,26,41,-0.027189318963097363
1994,26,41,0.03824707699839469
1995,26,41,0.019113019095567528
1996,26,41,-0.1995701507038365
1997,26,41,-0.012441433980057419
1998,26,41,-0.0576791278120834
1999,26,41,0.08020394619605921
2000,26,41,0.014361261471461684
2001,26,41,-0.17587632261012656
2002,26,41,-0.06906353090356304
2003,26,41,0.018411033511649983
2004,26,41,0.016228401554946502
2005,26,41,0.09410408411901322
2006,26,41,0.10009315306482013
2007,26,41,-0.09582199072872838
2008,26,41,0.010239149351270894
2009,26,41,0.06593125402930236
2010,26,41,0.048613298152457005
2011,26,41,0.05661541053974803
2012,26,41,-0.06673124733996817
2013,26,41,0.03014864379344792
1980,27,41,0.03390323871043863
1981,27,41,0.1531780029237015
1982,27,41,0.16536542473775
1983,27,41,-0.18954822818543005
1984,27,41,0.04123351057644375
1985,27,41,0.05859624532017478
1986,27,41,0.126995878417623
1987,27,41,0.14380761703899325
1988,27,41,-0.39686342644509126
1989,27,41,0.0893957843320166
1990,27,41,0.07267153612378978
1991,27,41,0.004695329171221284
1992,27,41,-0.07326058142243862
1993,27,41,-0.5497761681393631
1994,27,41,0.1280030509054714
1995,27,41,-0.07795564990582543
1996,27,41,-0.042207542353181325
1997,27,41,-0.0144284045339483
1998,27,41,0.12386417771021474
1999,27,41,0.0863622546874904
2000,27,41,0.023699161734540033
2001,27,41,-0.11077081033396945
2002,27,41,0.07609654986131477
2003,27,41,-0.024523276042377834
2004,27,41,0.06219520488378227
2005,27,41,0.14034105979566186
2006,27,41,0.037239958088438864
2007,27,41,-0.07886819549227528
2008,27,41,0.0183052487052126
2009,27,41,0.069460744500181
2010,27,41,0.07887857088235993
2011,27,41,-0.06146354985076841
2012,27,41,-0.021182647232596295
2013,27,41,-0.0694861488609271
1980,29,41,-0.47315475004299534
1981,29,41,0.21090359785173307
1982,29,41,0.12315303135065059
1983,29,41,-0.49356399834317133
1984,29,41,-0.14753800432578917
1985,29,41,0.1951877129219913
1986,29,41,0.23239484985066344
1987,29,41,0.18831517397728406
1988,29,41,-0.24483001034574747
1989,29,41,-0.024957358396686027
1990,29,41,0.02635238745399986
1991,29,41,-0.04370441856598395
1992,29,41,0.3149069795611878
1993,29,41,-0.2439474760292638
1994,29,41,0.11258213818346462
1995,29,41,-0.1192762294758603
1996,29,41,0.22650161323567317
1997,29,41,0.042187995201097936
1998,29,41,-0.002318495769223919
1999,29,41,-0.14630680848171979
2000,29,41,0.25353261792828774
2001,29,41,0.13930114301439642
2002,29,41,-0.1114816949464715
2003,29,41,-0.09712336473435723
2004,29,41,0.35138946916300495
2005,29,41,-0.10311177691162009
2006,29,41,0.11915538249537476
2007,29,41,0.09080234550513137
2008,29,41,0.10631623781883355
2009,29,41,0.19395886492497624
2010,29,41,-0.07226129938957085
2011,29,41,-0.1701927801656056
2012,29,41,-0.4684774708977235
2013,29,41,-0.007442653615466252
1980,30,41,-0.0601664206033543
1981,30,41,0.09952084226573148
1982,30,41,0.6559958389074946
1983,30,41,0.7289354683727094
1984,30,41,0.11720349382721654
1985,30,41,-0.1870716892490258
1986,30,41,0.10695930537480533
1987,30,41,0.06647351825128078
1988,30,41,0.2198485853305484
1989,30,41,-0.8149643837968084
1990,30,41,-0.4329261684385812
1991,30,41,-0.03126376861992638
1992,30,41,0.49074421258041206
1993,30,41,0.1566704332763827
1994,30,41,0.29616312869952255
1995,30,41,0.12288617552025165
1996,30,41,0.14376400333745631
1997,30,41,-0.08017926038660564
1998,30,41,-0.03696776722595556
1999,30,41,-0.18558327252285534
2000,30,41,-0.042279067441917804
2001,30,41,-0.2702165098334282
2002,30,41,-0.33552480035429516
2003,30,41,-0.19939722709945887
2004,30,41,-0.3234915817007619
2005,30,41,-0.17422086184427324
2006,30,41,-0.16556191808069842
2007,30,41,0.26587594114722335
2008,30,41,0.18244345597874168
2009,30,41,0.03197263544250573
2010,30,41,0.04762257409091726
2011,30,41,0.07868994533440486
2012,30,41,0.08516677787384846
2013,30,41,0.2079326458099799
1980,31,41,-0.2153679198359143
1981,31,41,0.06413528034321048
1982,31,41,0.0012204723104116293
1983,31,41,-0.14819206937243973
1984,31,41,0.027087654749600346
1985,31,41,0.13264768935691199
1986,31,41,0.11780210613481616
1987,31,41,0.11895185380883955
1988,31,41,0.04467588399787988
1989,31,41,-0.008169832021828699
1990,31,41,0.034812972748413315
1991,31,41,0.014024236418870554
1992,31,41,0.061933410590101046
1993,31,41,-0.20116191337739084
1994,31,41,0.06903733363426362
1995,31,41,-0.1560871365549589
1996,31,41,0.08041503724243784
1997,31,41,-0.021323322006096667
1998,31,41,0.06569920044782263
1999,31,41,0.0006691265633486484
2000,31,41,-0.1221090667924132
2001,31,41,0.020718374081145036
2002,31,41,-0.19804789573401088
2003,31,41,-0.01932524657966112
2004,31,41,0.11557615814673788
2005,31,41,0.02900804256230676
2006,31,41,-0.01149234772033769
2007,31,41,0.05105712728639318
2008,31,41,0.04981345972093258
2009,31,41,0.12731280848286985
2010,31,41,0.03862443246315562
2011,31,41,-0.0032814491772338965
2012,31,41,-0.1837966793798778
2013,31,41,0.018613030990477786
1980,37,41,-0.11539834119378863
1981,37,41,0.1165343692416765
1982,37,41,0.3861140201993219
1983,37,41,-0.22173933533942564
1984,37,41,0.2065989824887258
1985,37,41,0.030110232229253818
1986,37,41,-0.1599474194934334
1987,37,41,-0.15908012869328023
1988,37,41,0.021646578975591853
1989,37,41,0.1394308829403991
1990,37,41,-0.19359308035430345
1991,37,41,0.06397221485106303
1992,37,41,0.10320703343747532
1993,37,41,-0.3025648227605815
1994,37,41,0.016609054586400936
1995,37,41,0.14309187037737187
1996,37,41,0.027049686273409108
1997,37,41,-0.04651808185168519
1998,37,41,-0.2706712322744673
1999,37,41,-0.21782050657533078
2000,37,41,0.1475731834517705
2001,37,41,0.24057951445768816
2002,37,41,-0.20751845948535072
2003,37,41,0.05132727317564864
2004,37,41,0.12333166015338289
2005,37,41,0.17479036914741378
2006,37,41,0.2789253767897266
2007,37,41,-0.054700042910962816
2008,37,41,-0.27607327400742465
2009,37,41,0.06829215310122595
2010,37,41,-0.17688787606475653
2011,37,41,-0.23894006895446182
2012,37,41,0.06511688911799905
2013,37,41,0.25223798195603103
1980,38,41,-0.12351741010254566
1981,38,41,0.5343750410437799
1982,38,41,0.21254469207668455
1983,38,41,0.14213278557507703
1984,38,41,0.12457809173918473
1985,38,41,0.018973056892054817
1986,38,41,0.2885448542646418
1987,38,41,0.30871085495756906
1988,38,41,-0.4356821281011879
1989,38,41,-0.23040728781038286
1990,38,41,-0.2007924925073242
1991,38,41,-0.029652830207381013
1992,38,41,-0.3861157049464651
1993,38,41,-0.6614424813635409
1994,38,41,0.04098014452015957
1995,38,41,-0.14792743019685434
1996,38,41,0.036664427354541264
1997,38,41,0.027211324045336042
1998,38,41,0.20414556310411916
1999,38,41,0.22416696815795928
2000,38,41,0.19173372655288912
2001,38,41,0.1019955061010586
2002,38,41,0.06885044364281859
2003,38,41,0.015936248912037505
2004,38,41,-0.26789266117484195
2005,38,41,0.16415816534659547
2006,38,41,-0.05185620150533611
2007,38,41,0.06850420445798142
2008,38,41,0.09293242592112189
2009,38,41,-0.02279186973091429
2010,38,41,0.12415240264271135
2011,38,41,-0.12109928468871767
2012,38,41,0.037332143281046566
2013,38,41,-0.11108851780247278
1980,39,41,0.13556095717069117
1981,39,41,-0.07774283796522248
1982,39,41,0.09953575455911919
1983,39,41,-0.26231198009008994
1984,39,41,0.10583122867215713
1985,39,41,0.18099635942009712
1986,39,41,0.17780891432358215
1987,39,41,0.07001263529291214
1988,39,41,-0.2781093825558526
1989,39,41,-0.013362667924544823
1990,39,41,0.021739470174270054
1991,39,41,-0.21316016122047232
1992,39,41,0.1738645315573678
1993,39,41,-0.10745357288686257
1994,39,41,0.12202280088983612
1995,39,41,-0.04383611608432047
1996,39,41,-0.1407382473984187
1997,39,41,0.02392279622145688
1998,39,41,0.07026145908245154
1999,39,41,-0.06981375946098042
2000,39,41,0.07316348234781996
2001,39,41,-0.002774301712960858
2002,39,41,-0.37778169964567926
2003,39,41,0.09609209725369844
2004,39,41,0.09385520260448513
2005,39,41,-0.00792231921037919
2006,39,41,0.08679894768484524
2007,39,41,0.010647970361658788
2008,39,41,-0.09386697526593459
2009,39,41,0.14411470008252844
2010,39,41,0.07110188352549884
2011,39,41,0.02538577372262596
2012,39,41,-0.220199255664095
2013,39,41,0.13680125865338905
1980,40,41,-0.4135921062137463
1981,40,41,-0.3825587128738158
1982,40,41,-0.2413037849958788
1983,40,41,-0.08398757876394632
1984,40,41,-0.0868555742831588
1985,40,41,-0.06471124913221378
1986,40,41,-0.041917903400061664
1987,40,41,-0.024470605793766472
1988,40,41,-0.06969777024529257
1989,40,41,0.18773942702775323
1990,40,41,0.13455525934168405
1991,40,41,0.06518047708550577
1992,40,41,0.40090626369995613
1993,40,41,0.01784698648542749
1994,40,41,0.041162379465408475
1995,40,41,0.12215896658470805
1996,40,41,0.34310083951815645
1997,40,41,0.2609624151708716
1998,40,41,0.12348786088147148
1999,40,41,-0.01175843396541743
2000,40,41,0.2855704627873751
2001,40,41,0.0707743679551311
2002,40,41,0.03622546658702949
2003,40,41,0.02667738077662914
2004,40,41,0.17835778617722975
2005,40,41,-0.03838800928019525
2006,40,41,-0.18014492748930813
2007,40,41,0.1584111379922336
2008,40,41,-0.06936194362699845
2009,40,41,-0.20324751235707753
2010,40,41,0.09204923607822267
2011,40,41,-0.5933089369782663
2012,40,41,-0.19452701383380713
2013,40,41,0.07351565134455787
1980,46,41,-0.21276394159581424
1981,46,41,0.13272844291254804
1982,46,41,0.15567621245997124
1983,46,41,-0.17552308395912705
1984,46,41,0.012863324821560902
1985,46,41,0.27105862003431724
1986,46,41,0.18161325446632107
1987,46,41,0.17681314589671768
1988,46,41,-0.34192087094866047
1989,46,41,-0.15069881306234742
1990,46,41,0.0051225138323675945
1991,46,41,-0.09506267258481178
1992,46,41,-0.004378355612635533
1993,46,41,-0.3662237263503075
1994,46,41,0.21965409424235477
1995,46,41,-0.14089070782835064
1996,46,41,0.10126929515317067
1997,46,41,0.007484576967113273
1998,46,41,0.25653847616049064
1999,46,41,0.13283296648190443
2000,46,41,0.07060096446001755
2001,46,41,0.02824449716418219
2002,46,41,-0.2865241698348978
2003,46,41,-0.02526810689727823
2004,46,41,0.1370145287715904
2005,46,41,0.011404289472279934
2006,46,41,-0.35032219738759907
2007,46,41,0.002540931001376427
2008,46,41,0.10363362409123834
2009,46,41,0.2394747992232333
2010,46,41,0.07543081782753575
2011,46,41,0.05747575808639253
2012,46,41,-0.28197327621338747
2013,46,41,0.055108883567155965
1980,48,41,-0.16493805132455058
1981,48,41,0.17983918754454287
1982,48,41,0.05468382318840253
1983,48,41,-0.04275130788385332
1984,48,41,-0.10387887951026115
1985,48,41,0.04774524096527587
1986,48,41,0.09779184663613427
1987,48,41,0.05514277425344597
1988,48,41,-0.11920947657968367
1989,48,41,-0.08857183909158907
1990,48,41,-0.2032391957682455
1991,48,41,-0.027968238492811097
1992,48,41,0.15210326079892497
1993,48,41,0.05297430763729449
1994,48,41,0.09255712878794545
1995,48,41,0.00927280065086275
1996,48,41,-0.08154367610906281
1997,48,41,0.16816683124377396
1998,48,41,-0.258479111280622
1999,48,41,0.12008308229661128
2000,48,41,0.06721145182778297
2001,48,41,-0.009325556808109843
2002,48,41,-0.07176561613673303
2003,48,41,-0.00457729196292302
2004,48,41,0.18738448513711078
2005,48,41,-0.047906277069481584
2006,48,41,-0.08240917224891542
2007,48,41,0.24154323888415144
2008,48,41,0.004678454303104294
2009,48,41,-0.017869255866043057
2010,48,41,0.18152346384771625
2011,48,41,-0.40227904535757
2012,48,41,-0.02886284775525739
2013,48,41,0.04173080717174095
1980,53,41,-0.2916780288353923
1981,53,41,-0.15571581199538923
1982,53,41,0.007515168502807357
1983,53,41,0.010423650338220796
1984,53,41,0.06209713187266402
1985,53,41,0.03310488962280398
1986,53,41,0.08470316466760229
1987,53,41,0.019025350913598974
1988,53,41,0.013665800389788903
1989,53,41,0.07794389550022497
1990,53,41,0.03261742468468281
1991,53,41,0.0728770549228937
1992,53,41,0.06735053862631858
1993,53,41,0.1038910964163249
1994,53,41,0.12282921199303858
1995,53,41,0.11454545171937967
1996,53,41,0.12083538891401222
1997,53,41,0.027631252076672996
1998,53,41,0.009042599193222553
1999,53,41,-0.01813436519587685
2000,53,41,0.004147216800929987
2001,53,41,-0.23926649581384674
2002,53,41,-0.1477055846444036
2003,53,41,-0.12954096826613276
2004,53,41,0.019101436374882798
2005,53,41,-0.1023689765705744
2006,53,41,-0.08080821408047417
2007,53,41,0.007058058132034232
2008,53,41,-0.09507473380327847
2009,53,41,0.06958982773136309
2010,53,41,0.02711763490384114
2011,53,41,0.15080505079451048
2012,53,41,0.06139125295075622
2013,53,41,-0.0607922775381926
1980,55,41,0.08905111460196045
1981,55,41,0.08074309373385366
1982,55,41,0.046263471312232095
1983,55,41,-0.12361838044674106
1984,55,41,0.024671640154459572
1985,55,41,0.01381795572009254
1986,55,41,0.1241633379957786
1987,55,41,0.09952214099974184
1988,55,41,-0.5589239475332778
1989,55,41,-0.008440129032389816
1990,55,41,0.08378531704673312
1991,55,41,0.11979388079693888
1992,55,41,-0.1326826194311984
1993,55,41,-0.3081625756469059
1994,55,41,0.2516767652210329
1995,55,41,0.009818444490034637
1996,55,41,-0.1063416987306673
1997,55,41,0.08077446237087584
1998,55,41,0.11496463685940107
1999,55,41,0.14146656580364053
2000,55,41,0.03312458495258213
2001,55,41,-0.04411689721567381
2002,55,41,0.04327728992518883
2003,55,41,-0.057505921047544595
2004,55,41,-0.06662014842483056
2005,55,41,0.061098342634220065
2006,55,41,0.01898500004565032
2007,55,41,0.004294765267752422
2008,55,41,-0.05673475725978303
2009,55,41,0.04628746720143647
2010,55,41,0.14462850570477181
2011,55,41,0.09753182176007988
2012,55,41,-0.20124805707953045
2013,55,41,-0.06477032699501785
1980,13,81,-0.37030733394426607
1981,13,81,0.05132722281416308
1982,13,81,0.49517143762594784
1983,13,81,0.13335058394240132
1984,13,81,0.0311348766095819
1985,13,81,0.09534279490043447
1986,13,81,-0.33704699894183077
1987,13,81,0.0038974026540566616
1988,13,81,0.2064438925996727
1989,13,81,0.21618195875150348
1990,13,81,-0.47760496385755163
1991,13,81,0.25003254688378485
1992,13,81,0.3198153592909438
1993,13,81,-0.38266025533966314
1994,13,81,0.3291998772701959
1995,13,81,0.14616985090581192
1996,13,81,0.09192635025819489
1997,13,81,-0.15505958566311465
1998,13,81,-0.35850475458415404
1999,13,81,-0.32754296639388064
2000,13,81,-0.2029388349223462
2001,13,81,-0.030486098723710636
2002,13,81,-0.21348428134545153
2003,13,81,0.2396856459395191
2004,13,81,0.13324532723633026
2005,13,81,-0.055861527038330534
2006,13,81,-0.16887160791808767
2007,13,81,0.05148426941941929
2008,13,81,0.07007999941625209
2009,13,81,0.1885987682274449
2010,13,81,-0.14588730800124425
2011,13,81,-0.3425545535636262
2012,13,81,0.24059912134760755
2013,13,81,0.30715267553549147
1980,17,81,-0.02656667269589909
1981,17,81,0.08446391607119838
1982,17,81,0.09119010018446809
1983,17,81,-0.17409603222368125
1984,17,81,-0.14098626291693497
1985,17,81,0.1552969038598372
1986,17,81,0.08056515770422193
1987,17,81,0.008718620381223776
1988,17,81,-0.2914654857468431
1989,17,81,0.043857923846552495
1990,17,81,0.0010808941652006047
1991,17,81,-0.048052801344869604
1992,17,81,0.08346421029403905
1993,17,81,0.044883484513261775
1994,17,81,0.12194576000602195
1995,17,81,-0.046356041155316406
1996,17,81,-0.019965556088847144
1997,17,81,0.029805327572053036
1998,17,81,0.04324852514885658
1999,17,81,-0.01427687184592616
2000,17,81,0.022242667156506645
2001,17,81,0.03225427487744853
2002,17,81,-0.020621540452585078
2003,17,81,-0.16479797941442687
2004,17,81,0.11647055221386415
2005,17,81,0.02814009311536752
2006,17,81,0.05158112879844987
2007,17,81,-0.053538254974569016
2008,17,81,0.006721618344173164
2009,17,81,-0.020449961384213584
2010,17,81,0.08646771284112625
2011,17,81,-0.0059591108253068195
2012,17,81,-0.1160729859232086
2013,17,81,0.008519386037493599
1980,18,81,0.04968069016777976
1981,18,81,-0.05644411597276506
1982,18,81,0.0885735239722988
1983,18,81,-0.13800488750142084
1984,18,81,-0.05180104542547902
1985,18,81,0.12907389802491254
1986,18,81,-0.008595616748361871
1987,18,81,0.05893379250923699
1988,18,81,-0.28945003291762755
1989,18,81,-0.056373623252271035
1990,18,81,0.053899532017707294
1991,18,81,-0.01566921266495123
1992,18,81,0.0777896882944939
1993,18,81,0.13567664307845703
1994,18,81,0.15405366550889862
1995,18,81,-0.040595870269810166
1996,18,81,-0.09034115181220746
1997,18,81,0.02793812362822932
1998,18,81,-0.026663356918702818
1999,18,81,-0.09771684823625092
2000,18,81,0.058602083846728326
2001,18,81,0.11791611244292938
2002,18,81,-0.06617580321230684
2003,18,81,-0.1617819661507763
2004,18,81,0.1350656199463255
2005,18,81,0.07094941713633
2006,18,81,0.08215223977837723
2007,18,81,-0.012810714668456801
2008,18,81,-0.04520595015764744
2009,18,81,0.0315235596522711
2010,18,81,0.009306643146952273
2011,18,81,-0.060349893203727877
2012,18,81,-0.09990261796033927
2013,18,81,0.03361622972308573
1980,19,81,0.06791912332935159
1981,19,81,0.09373562259997278
1982,19,81,-0.015578865331329968
1983,19,81,-0.06374956997273788
1984,19,81,-0.17255859641489027
1985,19,81,-0.007307924586055117
1986,19,81,0.07237864360150281
1987,19,81,0.11132116645077879
1988,19,81,-0.21646315487146114
1989,19,81,-0.021146107736044677
1990,19,81,0.020156006345488947
1991,19,81,-0.01040624000234164
1992,19,81,0.06868044889341571
1993,19,81,-0.27814237458147395
1994,19,81,0.20195281706986662
1995,19,81,0.0357942499638694
1996,19,81,0.02449815531825154
1997,19,81,0.05597268285822964
1998,19,81,0.09633105887303116
1999,19,81,0.006751249740459699
2000,19,81,-0.02258564730642491
2001,19,81,-0.026022565799123633
2002,19,81,0.05518315415354296
2003,19,81,-0.2921502234587569
2004,19,81,0.05718806112086013
2005,19,81,0.12227575745459783
2006,19,81,0.06980667875764848
2007,19,81,0.09457227700167709
2008,19,81,-0.035629386690819664
2009,19,81,0.049344410525246636
2010,19,81,0.04033667942894103
2011,19,81,0.035471548911754906
2012,19,81,-0.10526306907652122
2013,19,81,-0.11481358377652653
1980,20,81,-0.3370872938243028
1981,20,81,0.24685921777395742
1982,20,81,0.06399476071545993
1983,20,81,-0.37207096931821954
1984,20,81,-0.3323133115643424
1985,20,81,0.17398839855470283
1986,20,81,0.2538656190278285
1987,20,81,0.23464484776184213
1988,20,81,-0.12836454190086452
1989,20,81,0.009154320445257809
1990,20,81,-0.11223749049380564
1991,20,81,-0.1805985838029039
1992,20,81,0.33563307885013305
1993,20,81,-0.024948825713046262
1994,20,81,0.23916248870217896
1995,20,81,-0.12513410708610592
1996,20,81,0.2799265402858047
1997,20,81,0.27074206301639575
1998,20,81,0.02061632947698605
1999,20,81,-0.021762315687305103
2000,20,81,-0.4241340740357234
2001,20,81,0.030691540033614823
2002,20,81,-0.29299292297176455
2003,20,81,-0.2772626706744975
2004,20,81,0.29417615136576697
2005,20,81,0.17412537872583453
2006,20,81,0.0003833048398220036
2007,20,81,0.02905177824382913
2008,20,81,0.14259758422734506
2009,20,81,0.34803084053835714
2010,20,81,-0.011826307580831079
2011,20,81,-0.22654802672994087
2012,20,81,-0.3529473284521789
2013,20,81,0.05896889679554724
1980,21,81,-0.13894612177662957
1981,21,81,0.0887415019089796
1982,21,81,0.1591303183360534
1983,21,81,-0.3928720977768673
1984,21,81,0.01681681637051618
1985,21,81,0.18926111487988906
1986,21,81,0.09650209020672579
1987,21,81,-0.11011453860905497
1988,21,81,-0.16444960143342305
1989,21,81,0.024975485037833867
1990,21,81,0.024737716538822698
1991,21,81,0.030421710526890286
1992,21,81,0.18477726585586848
1993,21,81,0.004411009634318569
1994,21,81,0.1326052254549277
1995,21,81,0.07071662970821638
1996,21,81,0.11337852355983635
1997,21,81,-0.003870095130471008
1998,21,81,-0.1468989883260824
1999,21,81,-0.4217059109775588
2000,21,81,0.07641892536133978
2001,21,81,0.0892242911579855
2002,21,81,-0.11321599367955419
2003,21,81,0.16128325888035822
2004,21,81,0.1590356237683539
2005,21,81,0.11703767041401766
2006,21,81,0.12869383505802176
2007,21,81,-0.3112521683533938
2008,21,81,-0.1378521368744388
2009,21,81,0.1844318637730989
2010,21,81,-0.17173136679073198
2011,21,81,-0.06135009794967776
2012,21,81,-0.04916623534970539
2013,21,81,0.16317534445297466
1980,26,81,0.08864334792735269
1981,26,81,-0.021418974098387684
1982,26,81,0.0001544441998574797
1983,26,81,0.035505945412970245
1984,26,81,-0.14858737751343434
1985,26,81,-0.012278962833398684
1986,26,81,-0.07610043604663154
1987,26,81,0.09658289274746734
1988,26,81,-0.1465358182268297
1989,26,81,0.06292991778368678
1990,26,81,0.12065511571779912
1991,26,81,0.11048358341616708
1992,26,81,-0.0455357556141399
1993,26,81,0.08764405059152537
1994,26,81,0.04858571867223989
1995,26,81,0.12180853547266222
1996,26,81,-0.20829356538254282
1997,26,81,0.05957418120143404
1998,26,81,0.0628092808934257
1999,26,81,0.07953157977084083
2000,26,81,-0.04232028158917173
2001,26,81,-0.20923719179077052
2002,26,81,0.00964609339869896
2003,26,81,-0.2857084413467386
2004,26,81,-0.027107803419908625
2005,26,81,-0.018492136406934163
2006,26,81,0.1619624444404713
2007,26,81,0.0006665573592455572
2008,26,81,-0.08244457133609787
2009,26,81,-0.016636353937677806
2010,26,81,0.06008305371681469
2011,26,81,0.0626037010793427
2012,26,81,0.02956464861273953
2013,26,81,0.0441581944562105
1980,27,81,-0.003212633112367224
1981,27,81,-0.014439399490477256
1982,27,81,0.06730551552013632
1983,27,81,0.009819075132555942
1984,27,81,-0.0009544292219925901
1985,27,81,-0.04895460866594585
1986,27,81,0.028389773754751373
1987,27,81,0.14675741428553507
1988,27,81,-0.25039307084143575
1989,27,81,0.06782381535326835
1990,27,81,0.10201662863872842
1991,27,81,0.01538613080471873
1992,27,81,-0.10987567269281465
1993,27,81,-0.4022301810040424
1994,27,81,0.09295071443718378
1995,27,81,0.09721688807886097
1996,27,81,0.020506530235406387
1997,27,81,0.04760749993470293
1998,27,81,0.11041560347314973
1999,27,81,0.10090693979035319
2000,27,81,0.05858210055233193
2001,27,81,-0.0463062334087396
2002,27,81,0.11143748827722269
2003,27,81,-0.18338191960883435
2004,27,81,-0.18812445555445426
2005,27,81,0.13278217565585412
2006,27,81,0.09971955778807515
2007,27,81,0.04607509659600983
2008,27,81,-0.07406779490556413
2009,27,81,-0.03296310633779531
2010,27,81,0.07806660016453122
2011,27,81,-0.06960793902063142
2012,27,81,0.030984817700699895
2013,27,81,-0.04056607879849933
1980,29,81,-0.09689484083344453
1981,29,81,0.09725885131454756
1982,29,81,0.08870437420623686
1983,29,81,-0.29231005559097173
1984,29,81,-0.2904680910545172
1985,29,81,0.20629676241828077
1986,29,81,0.09455787934387291
1987,29,81,0.08862840276531438
1988,29,81,-0.11221945673170523
1989,29,81,-0.06934125871483506
1990,29,81,-0.016000199601386184
1991,29,81,-0.01572964512342612
1992,29,81,0.21602754625454207
1993,29,81,-0.10597683655703866
1994,29,81,0.19030462629739983
1995,29,81,-0.09894093103102873
1996,29,81,0.12776813096891257
1997,29,81,0.08673919715399726
1998,29,81,0.0049504811670398295
1999,29,81,-0.18790928862101017
2000,29,81,0.0014849613871140636
2001,29,81,0.09633809477271628
2002,29,81,-0.02962989307027879
2003,29,81,-0.16727965821548182
2004,29,81,0.2591555290299351
2005,29,81,0.02422759974586979
2006,29,81,0.041185168062589615
2007,29,81,0.01821900949844296
2008,29,81,-0.005862814285265883
2009,29,81,0.15361952851397168
2010,29,81,0.08267554263293767
2011,29,81,-0.06745732309666846
2012,29,81,-0.23947110288493637
2013,29,81,-0.09501984401729349
1980,31,81,-0.005779254463828004
1981,31,81,0.22544045478793834
1982,31,81,0.12164599995365477
1983,31,81,-0.09947692201907093
1984,31,81,-0.1997870866976776
1985,31,81,0.08799603078016652
1986,31,81,0.12144192743892825
1987,31,81,0.02605863799483026
1988,31,81,-0.14611497218707062
1989,31,81,-0.10536125896307248
1990,31,81,-0.054716531231904425
1991,31,81,-0.09833592316579513
1992,31,81,0.11008938964440852
1993,31,81,-0.0866604628663312
1994,31,81,0.20175079332798942
1995,31,81,-0.16988390347539542
1996,31,81,0.11272471974614041
1997,31,81,-0.01586339177862225
1998,31,81,0.05259022089969196
1999,31,81,0.0019996371210273395
2000,31,81,-0.1222109811455781
2001,31,81,0.041090580140341525
2002,31,81,-0.14604160209261868
2003,31,81,-0.10197638353146177
2004,31,81,0.005456268975672626
2005,31,81,0.08980553873282894
2006,31,81,0.06413073166341034
2007,31,81,0.07299441402649935
2008,31,81,-0.03826184168438375
2009,31,81,0.111468048370904
2010,31,81,0.0546555067247336
2011,31,81,0.06749375933057099
2012,31,81,-0.19017407504810577
2013,31,81,0.024387397954944365
1980,37,81,-0.19784990655585827
1981,37,81,0.11243547879474008
1982,37,81,0.11127677884457493
1983,37,81,-0.15412490154785763
1984,37,81,0.11250818889937873
1985,37,81,-0.052764875757062256
1986,37,81,-0.03705452138800678
1987,37,81,-0.005151138864178475
1988,37,81,0.0806373713406088
1989,37,81,0.08036354415064917
1990,37,81,-0.0565561666908588
1991,37,81,0.15195887945226863
1992,37,81,0.03442052172843264
1993,37,81,-0.12816291025253532
1994,37,81,0.15825394018879047
1995,37,81,-0.10973887156803622
1996,37,81,0.0526422144682419
1997,37,81,0.029240012924162513
1998,37,81,-0.04375613186000674
1999,37,81,-0.22072720411446828
2000,37,81,0.1386900867262059
2001,37,81,0.11619125611395295
2002,37,81,-0.20330262065679436
2003,37,81,0.009783976027151321
2004,37,81,0.1492487169878552
2005,37,81,-0.09779244216548902
2006,37,81,0.07161021309958926
2007,37,81,-0.29635971393471133
2008,37,81,0.07683071615097216
2009,37,81,0.08016193767010754
2010,37,81,-0.17513967197436972
2011,37,81,-0.03788594132759664
2012,37,81,0.24366625084797106
2013,37,81,0.0067476959325378765
1980,38,81,-0.2839195116265294
1981,38,81,0.16436055391098597
1982,38,81,-0.14051424796802778
1983,38,81,0.09730630987916915
1984,38,81,-0.07153517120036816
1985,38,81,0.030181213007384734
1986,38,81,0.3838657354247718
1987,38,81,0.27141803902562756
1988,38,81,-0.3533450027553545
1989,38,81,-0.16386561610772282
1990,38,81,-0.017263713163999824
1991,38,81,0.14257473754864203
1992,38,81,-0.0796538111132618
1993,38,81,-0.4347437761273767
1994,38,81,0.07996503050338938
1995,38,81,0.017011288509568675
1996,38,81,0.03173808744360984
1997,38,81,0.035742973339412426
1998,38,81,0.10308597629003895
1999,38,81,0.20553209725326244
2000,38,81,0.07036869583909422
2001,38,81,0.1182098345415311
2002,38,81,0.09472466804714035
2003,38,81,-0.06354339406191188
2004,38,81,-0.27679708519455765
2005,38,81,0.17381475194370954
2006,38,81,0.012890551713285795
2007,38,81,0.12488311785976265
2008,38,81,-0.11888339057635192
2009,38,81,-0.06194586432537685
2010,38,81,0.053842339752469694
2011,38,81,-0.11165576908737965
2012,38,81,0.05349390952865554
2013,38,81,-0.0940843794951352
1980,39,81,0.09742806567174218
1981,39,81,-0.14581022537295088
1982,39,81,0.0660919920112453
1983,39,81,-0.057530952995529294
1984,39,81,0.05953111985727968
1985,39,81,0.189959213213696
1986,39,81,0.14643600120134395
1987,39,81,0.030042390649446703
1988,39,81,-0.28639602836610445
1989,39,81,-0.1371749447587868
1990,39,81,0.05501446547214477
1991,39,81,-0.03950368624752843
1992,39,81,0.043572949362463635
1993,39,81,-0.010784117127008865
1994,39,81,0.1278174271287949
1995,39,81,-0.028042439544710814
1996,39,81,-0.11213779343127789
1997,39,81,0.10402443182666317
1998,39,81,0.09225137512717738
1999,39,81,-0.13304324139291032
2000,39,81,0.020806112821707638
2001,39,81,-0.015896338850370666
2002,39,81,-0.24129554089437882
2003,39,81,-0.09493268942781102
2004,39,81,0.09149120442713357
2005,39,81,0.037044165746233385
2006,39,81,0.07030657386998143
2007,39,81,0.06424173911147485
2008,39,81,-0.19440085779528085
2009,39,81,0.08607514844839631
2010,39,81,0.05618212627871884
2011,39,81,0.04624436735316589
2012,39,81,-0.028242769325365943
2013,39,81,0.0459495348922428
1980,40,81,-0.5497145165521089
1981,40,81,0.21163184159443385
1982,40,81,-0.12342922642576662
1983,40,81,-0.18671370491070627
1984,40,81,-0.09737842217428795
1985,40,81,0.07483478213702797
1986,40,81,-0.030998556238217404
1987,40,81,0.23135498451286243
1988,40,81,-0.14303358855902998
1989,40,81,0.16203357253237674
1990,40,81,-0.06125234493459903
1991,40,81,0.09829868268017268
1992,40,81,0.3033043102043789
1993,40,81,0.12096221403824531
1994,40,81,0.5508613585946953
1995,40,81,-0.05224212927726733
1996,40,81,0.23032741613135138
1997,40,81,0.44569148360423805
1998,40,81,-0.35557403171260965
1999,40,81,-0.29702649933052194
2000,40,81,-0.5138505928594751
2001,40,81,-0.4277413113711992
2002,40,81,0.17965039658007956
2003,40,81,0.14911276377879285
2004,40,81,0.32002737614530813
2005,40,81,0.1809581363434588
2006,40,81,-0.43113963194065097
2007,40,81,0.1847093926294329
2008,40,81,0.07881241282475186
2009,40,81,0.4268645664549481
2010,40,81,0.13168964953244244
2011,40,81,-0.6280738594578849
2012,40,81,-0.5602599332385689
2013,40,81,0.3752839480280031
1980,46,81,-0.0035831081128860362
1981,46,81,0.09637874921533132
1982,46,81,0.12438891891709082
1983,46,81,-0.026620446038089954
1984,46,81,-0.17764976255453252
1985,46,81,0.1536161499152832
1986,46,81,0.07796856765400173
1987,46,81,0.14313839098618217
1988,46,81,-0.17456772568211362
1989,46,81,-0.11082228144771841
1990,46,81,-0.05859966072628883
1991,46,81,-0.10557024457304558
1992,46,81,-0.08667087733994072
1993,46,81,-0.314153652338942
1994,46,81,0.22266728295834926
1995,46,81,-0.052716381034028086
1996,46,81,0.07073155614294907
1997,46,81,0.08552960317337123
1998,46,81,0.19710492520630732
1999,46,81,0.10097338072212525
2000,46,81,0.0594191260488987
2001,46,81,-0.041541315669011834
2002,46,81,-0.10991600799355948
2003,46,81,-0.19761544732278383
2004,46,81,-0.013676890839569036
2005,46,81,-0.0006833535732489544
2006,46,81,-0.051200453626022754
2007,46,81,0.18680697866740187
2008,46,81,-0.055132586771867366
2009,46,81,0.15066081249697766
2010,46,81,0.0307953623617865
2011,46,81,0.0010501976654297598
2012,46,81,-0.18184102855023335
2013,46,81,0.06498221307015695
1980,48,81,-0.15739533782285506
1981,48,81,-0.19779359959357062
1982,48,81,-0.021885533620751216
1983,48,81,-0.12665168156614562
1984,48,81,0.12288315922093083
1985,48,81,-0.03749050496549946
1986,48,81,-0.22671603136203589
1987,48,81,0.04886851323218157
1988,48,81,0.11404287445283459
1989,48,81,0.056389104473977235
1990,48,81,-0.03611791400031794
1991,48,81,0.24127144594567052
1992,48,81,0.36363873919317
1993,48,81,-0.28251542095977494
1994,48,81,0.35433651143473743
1995,48,81,0.016128607361444218
1996,48,81,0.024539889630954822
1997,48,81,0.12826433815841776
1998,48,81,-0.4290102410290547
1999,48,81,0.08451207428565106
2000,48,81,0.02314846733477626
2001,48,81,-0.049319395496652776
2002,48,81,0.05411694260044342
2003,48,81,0.1326536784369966
2004,48,81,0.2575517775748799
2005,48,81,-0.029510728927286425
2006,48,81,-0.30260930916523954
2007,48,81,0.5313134085032034
2008,48,81,-0.07942991278827073
2009,48,81,-0.06904296627002073
2010,48,81,0.14042474137161307
2011,48,81,-0.5635919576926387
2012,48,81,-0.03685933541406128
2013,48,81,-0.048166065298492496
1980,55,81,0.03856067761253
1981,55,81,0.028747200752856184
1982,55,81,-0.0736895684772372
1983,55,81,0.06785337702131963
1984,55,81,-0.11182562437911793
1985,55,81,-0.1707634203874583
1986,55,81,0.04417647230022196
1987,55,81,0.09059662254997335
1988,55,81,-0.3890218601801359
1989,55,81,0.04698913185616521
1990,55,81,0.1496238939275874
1991,55,81,0.15103535163997187
1992,55,81,-0.17219325776947145
1993,55,81,-0.05753694587571925
1994,55,81,0.15735998254997988
1995,55,81,0.131480378696453
1996,55,81,-0.05396370694932023
1997,55,81,0.13303163012221816
1998,55,81,0.19262186136513176
1999,55,81,0.1641352112024826
2000,55,81,0.00790447170394238
2001,55,81,-0.06333953567064199
2002,55,81,0.11023215814365765
2003,55,81,-0.3112563530473206
2004,55,81,-0.16082828348734446
2005,55,81,0.07460028792184284
2006,55,81,0.07882905821224809
2007,55,81,-0.023760267731068197
2008,55,81,-0.16202158822552556
2009,55,81,-0.04444367397198242
2010,55,81,0.19621997477532999
2011,55,81,0.09213894312856673
2012,55,81,-0.0330950859317407
2013,55,81,-0.13355707837046044
1980,6,21,-0.035050618504356555
1981,6,21,0.08842686384643442
1982,6,21,0.040890589451290225
1983,6,21,-0.053728913820590515
1984,6,21,-0.060957591814793814
1985,6,21,0.04972903006828862
1986,6,21,-0.006990266347978766
1987,6,21,0.13435844008065978
1988,6,21,-0.09911756349396376
1989,6,21,0.07538858284655131
1990,6,21,0.040896755437473196
1991,6,21,0.06963712947946712
1992,6,21,0.14712300048974863
1993,6,21,0.11001525534101904
1994,6,21,-0.01864190194073225
1995,6,21,-0.2210566964879127
1996,6,21,-0.07451396873023239
1997,6,21,-0.04896409628931486
1998,6,21,-0.3283240382762715
1999,6,21,-0.03302504755142478
2000,6,21,0.0344891622857645
2001,6,21,0.019381784902557753
2002,6,21,0.08869007144992588
2003,6,21,-0.04034985834703832
2004,6,21,0.13661873752105722
2005,6,21,-0.13344829994603233
2006,6,21,-0.08726843363471143
2007,6,21,0.09415281789594193
2008,6,21,-0.044007082192273894
2009,6,21,0.06890177797402533
2010,6,21,-0.07742013949846442
2011,6,21,-0.026227022851638332
2012,6,21,0.12641274139772882
2013,6,21,0.07233387972389031
1980,13,21,-0.5063186476761542
1981,13,21,-0.15671287448328325
1982,13,21,0.34706980526886544
1983,13,21,-0.14610926614045153
1984,13,21,0.43905718116822257
1985,13,21,0.2743729178663843
1986,13,21,-0.29201640138012913
1987,13,21,0.1417649606422628
1988,13,21,-0.12408814651737902
1989,13,21,0.04951421396385619
1990,13,21,-0.08911170978998194
1991,13,21,0.3166828076698497
1992,13,21,0.24606309537387433
1993,13,21,-0.09759808270929542
1994,13,21,0.2926385675007038
1995,13,21,-0.052932461158846034
1996,13,21,0.11690748610582231
1997,13,21,-0.056118273444750615
1998,13,21,-0.21545203668158763
1999,13,21,-0.26857903591105264
2000,13,21,-0.2509982369032895
2001,13,21,-0.008671749654084614
2002,13,21,-0.2867226611243253
2003,13,21,0.04815125193914093
2004,13,21,-0.1134513124336572
2005,13,21,0.10039543170811083
2006,13,21,0.031114553571755486
2007,13,21,-0.017052321145413434
2008,13,21,0.023907914614316197
2009,13,21,0.10375443850955121
2010,13,21,-0.009486337756223645
2011,13,21,-0.10982819788486099
2012,13,21,0.2864789235032971
2013,13,21,-0.01375266931576274
1982,20,21,-0.2772529956204502
1983,20,21,0.619552612365937
1984,20,21,0.10057020745786188
1985,20,21,0.3414259035163332
1986,20,21,0.4412440494421628
1987,20,21,1.0606841438829637
1988,20,21,0.4933225454772555
1989,20,21,-0.733737315880101
1990,20,21,-0.12406468740795837
1991,20,21,0.15091287118363153
1992,20,21,-0.8659459714935511
1993,20,21,-0.40360654630527515
1994,20,21,0.2971589221444224
1995,20,21,-0.6201476703111244
1996,20,21,0.2570600295937117
1997,20,21,-0.04201960790547902
1998,20,21,0.036563339303416834
1999,20,21,-0.19148692073880688
2000,20,21,-0.34921495041064166
2001,20,21,-0.16004529983480711
2002,20,21,0.040273035081711504
2003,20,21,0.04807237962466349
2004,20,21,-0.15198483919006678
2005,20,21,0.17010825329292828
2006,20,21,-0.02627773490778479
2007,20,21,0.13016497764352739
2008,20,21,-0.12393779991030014
2009,20,21,0.22252765781479358
2010,20,21,0.37086399997662495
2011,20,21,-0.28415732465326765
2012,20,21,0.010608223318038342
2013,20,21,0.13835802342286138
1980,29,21,-0.19362825522604377
1981,29,21,-0.2559653402995597
1982,29,21,0.3654241908269486
1983,29,21,-0.328954058071104
1984,29,21,0.0917821116901232
1985,29,21,0.24096263100615697
1986,29,21,-0.015640135154587825
1987,29,21,0.4276634994452865
1988,29,21,0.04705493458639436
1989,29,21,0.02198732656556284
1990,29,21,-0.0007515198949681149
1991,29,21,-0.009222668226723471
1992,29,21,0.2039889715148058
1993,29,21,-0.20934929925962908
1994,29,21,0.23426724683512942
1995,29,21,-0.2356158745783179
1996,29,21,0.017190426461245217
1997,29,21,-0.0632072806248848
1998,29,21,-0.39517751305245935
1999,29,21,-0.224227975116235
2000,29,21,-0.1759434447200777
2001,29,21,0.0242914397863083
2002,29,21,-0.06260266613945217
2003,29,21,0.00023787623181369455
2004,29,21,0.22248349727146277
2005,29,21,0.07666423887674828
2006,29,21,0.05861016278988766
2007,29,21,0.05926103478157658
2008,29,21,0.17873650056242027
2009,29,21,-0.0642349143370222
2010,29,21,0.09967415646369011
2011,29,21,-0.0344530506563338
2012,29,21,0.002374415126606246
2013,29,21,-0.09391581656110747
1980,37,21,-0.21988342143178233
1981,37,21,0.10898061523214744
1982,37,21,0.36269502417716165
1983,37,21,-0.33419937284738666
1984,37,21,0.12613533346592065
1985,37,21,0.1863557202156216
1986,37,21,0.1631205396911195
1987,37,21,-0.12374517387854589
1988,37,21,-0.11084558158775287
1989,37,21,0.04104357582083278
1990,37,21,0.06253917815438537
1991,37,21,0.10985276961943898
1992,37,21,-0.03461832246422636
1993,37,21,-0.15247214493071584
1994,37,21,0.29220244441809745
1995,37,21,-0.26142840605568485
1996,37,21,-0.0075396365089658215
1997,37,21,-0.027886253139640067
1998,37,21,0.025862477438481052
1999,37,21,-0.351915080847048
2000,37,21,0.05755288748471084
2001,37,21,0.1692472262038761
2002,37,21,-0.427313971862285
2003,37,21,-0.15739224866884025
2004,37,21,0.20854375127527547
2005,37,21,0.12758625854081815
2006,37,21,-0.06862211032360326
2007,37,21,-0.026109858293784854
2008,37,21,0.0770981560258055
2009,37,21,0.23142741417114013
2010,37,21,0.03264295638291763
2011,37,21,-0.24876354977905835
2012,37,21,0.21835046651127957
2013,37,21,-0.030277020576465453
1980,40,21,-0.3622817931485603
1981,40,21,0.437658122561522
1982,40,21,0.007566077173566968
1983,40,21,-0.1173498841744621
1984,40,21,-0.19460146773078413
1985,40,21,0.3856615142003144
1986,40,21,-0.0903500492187835
1987,40,21,0.4455120636750431
1988,40,21,0.06299075501087231
1989,40,21,-0.2704759724561552
1990,40,21,0.5181112088414274
1991,40,21,-0.20189719945500362
1992,40,21,-0.19459430226772542
1993,40,21,0.005197590954993943
1994,40,21,-0.08177585410666349
1995,40,21,-0.5787961748464997
1996,40,21,-0.41490469951456554
1997,40,21,0.1282484298198396
1998,40,21,0.05136630360081443
1999,40,21,-0.2970198374340337
2000,40,21,-0.37942724134613653
2001,40,21,-0.18570547898115708
2002,40,21,0.13923095227381227
2003,40,21,0.2904145098411798
2004,40,21,0.43495352787051006
2005,40,21,0.4310225712546063
2006,40,21,-0.3670937010280966
2007,40,21,0.5687247901085469
2008,40,21,0.4750385247265382
2009,40,21,0.4596211453306246
2010,40,21,0.36174556855715884
2011,40,21,-0.8109003929710352
2012,40,21,-0.5502179211118579
2013,40,21,-0.1078112316750542
1980,48,21,-0.3248328469244444
1981,48,21,0.18029085464449482
1982,48,21,-0.28459941165523356
1983,48,21,-0.10010889983317511
1984,48,21,0.017978855945163554
1985,48,21,0.13731454480820335
1986,48,21,-0.24901202585420742
1987,48,21,0.3834481815474753
1988,48,21,0.2856269413440952
1989,48,21,-0.14411689589884766
1990,48,21,0.20550240595064315
1991,48,21,-0.022328720391769072
1992,48,21,-0.2285133181675203
1993,48,21,0.16683779207804958
1994,48,21,0.13031788567294975
1995,48,21,-0.1394107950784348
1996,48,21,-0.07151295399662656
1997,48,21,0.11868763454291498
1998,48,21,-0.25477770380586445
1999,48,21,-0.04638601847041715
2000,48,21,-0.2937951090214125
2001,48,21,-0.1965855381949136
2002,48,21,0.0038263021353560204
2003,48,21,-0.14798645982239497
2004,48,21,0.43095091382818645
2005,48,21,0.5134315268994526
2006,48,21,-0.04383105202752029
2007,48,21,0.7493716136966759
2008,48,21,-0.08534963982927465
2009,48,21,-0.06150949602759855
2010,48,21,0.4139141901544485
2011,48,21,-0.5380571790243801
2012,48,21,-0.2537776591042184
2013,48,21,-0.2835491161753201
1980,6,11,-0.07098791299384952
1981,6,11,0.00811524758011575
1982,6,11,-0.07991405190541503
1983,6,11,-0.203258455350044
1984,6,11,-0.0038334559243588984
1985,6,11,0.10268420757773263
1986,6,11,0.011632813098492614
1987,6,11,0.02626127991265632
1988,6,11,0.1502492773427826
1989,6,11,0.06777378644453916
1990,6,11,0.06346756480252715
1991,6,11,0.13756506844346367
1992,6,11,0.045324486800321855
1993,6,11,0.11435782958599625
1994,6,11,0.07593371143941403
1995,6,11,-0.19632781304445793
1996,6,11,0.07263513215513721
1997,6,11,0.042119352266154306
1998,6,11,-0.05937975645190455
1999,6,11,0.07673545709931517
2000,6,11,-0.007137054195069854
2001,6,11,-0.014052212747493005
2002,6,11,-0.10898065698356059
2003,6,11,-0.2547601393218311
2004,6,11,-0.04114601911836571
2005,6,11,-0.09745027457525021
2006,6,11,-0.2535707919408502
2007,6,11,-0.13370142277480332
2008,6,11,0.11935047754385272
2009,6,11,0.05876628578818553
2010,6,11,0.010592306819023853
2011,6,11,0.2216838653917284
2012,6,11,0.09855116930584307
2013,6,11,0.02262187358131664
1980,8,11,0.05429805423696512
1981,8,11,-0.14996537887309186
1982,8,11,-0.1386661439167593
1983,8,11,0.07236580610130469
1984,8,11,0.007290577830490613
1985,8,11,0.25226313129945277
1986,8,11,-0.026580413552416807
1987,8,11,0.04495349010733185
1988,8,11,0.05576212637387406
1989,8,11,-0.24156714510897537
1990,8,11,0.07442927084332117
1991,8,11,-0.049789503841623256
1992,8,11,-0.07035762689798167
1993,8,11,0.15827391951089265
1994,8,11,-0.08360455598898196
1995,8,11,0.2115128375221784
1996,8,11,-0.110052503460378
1997,8,11,-0.0018755541086057186
1998,8,11,0.24415142848394233
1999,8,11,0.36590054542134676
2000,8,11,-0.05340266245403298
2001,8,11,-0.025069445942560043
2002,8,11,-0.4581421373814551
2003,8,11,0.0035531303169069705
2004,8,11,-0.31634695208344316
2005,8,11,-0.290375196085783
2006,8,11,-0.3544651393759061
2007,8,11,0.24466093557432
2008,8,11,-0.08065192796333039
2009,8,11,0.2898015014483059
2010,8,11,0.4722705938539765
2011,8,11,0.1759046363660602
2012,8,11,0.06712993552228265
2013,8,11,-0.34360860080897077
1980,13,11,-0.019156301021268772
1981,13,11,0.30123462067071427
1982,13,11,-0.004931602956429017
1983,13,11,-0.06050060243447935
1984,13,11,-0.00253412102143562
1985,13,11,-0.14236699620976598
1986,13,11,-0.2373398690784806
1987,13,11,-0.1824030491777786
1988,13,11,0.17315755092660542
1989,13,11,-0.12590605960590015
1990,13,11,-0.01319333249593305
1991,13,11,-0.13304935396481965
1992,13,11,0.23786776805824356
1993,13,11,0.0466270610592523
1994,13,11,0.411924081360325
1995,13,11,-0.012927442639679963
1996,13,11,0.25710797507383604
1997,13,11,0.15547532223502483
1998,13,11,0.06289583269820596
1999,13,11,-0.04135501978421895
2000,13,11,0.06502446967231124
2001,13,11,0.040352527720349196
2002,13,11,-0.2913473188268601
2003,13,11,-0.18790887218429267
2004,13,11,-0.24781852111347008
2005,13,11,-0.24868676407852633
2006,13,11,-0.2646674498354207
2007,13,11,-0.2683295302449507
2008,13,11,0.3299707424859502
2009,13,11,-0.12388742209408479
2010,13,11,-0.18933075073404487
2011,13,11,0.23696581448100007
2012,13,11,0.08760710707054678
2013,13,11,0.3930477941830174
1980,17,11,0.22225422497268252
1981,17,11,0.22013008016463814
1982,17,11,0.03983506585104846
1983,17,11,0.008751770905219412
1984,17,11,-0.06442824153785898
1985,17,11,0.019193538442948077
1986,17,11,-0.3551265845360561
1987,17,11,0.1672299712459029
1988,17,11,0.17285079967253136
1989,17,11,0.26466567956496095
1990,17,11,-0.04805994044832478
1991,17,11,-0.41129277610136783
1992,17,11,-0.08365014119022679
1993,17,11,-0.12713683523875424
1994,17,11,-0.08639159694216228
1995,17,11,-0.05282557452054773
1996,17,11,-0.4851313001427928
1997,17,11,0.16052420904553838
1998,17,11,-0.08637859341100969
1999,17,11,0.13047279390785932
2000,17,11,0.06832209827718509
2001,17,11,0.11998548442591546
2002,17,11,-0.11587716178185416
2003,17,11,0.1573559588301576
2004,17,11,0.06615274386549404
2005,17,11,0.06104754411227966
2006,17,11,0.1840340908124506
2007,17,11,-0.12567244271062875
2008,17,11,0.0835806174453821
2009,17,11,-0.05584708225809442
2010,17,11,-0.13443308536686657
2011,17,11,-0.0020693786550599774
2012,17,11,0.0423132116958578
2013,17,11,0.06482178429717095
1980,18,11,0.19305958929549716
1981,18,11,0.10607389138895257
1982,18,11,-0.0782596473223959
1983,18,11,0.08174325345306849
1984,18,11,-0.024925939719407382
1985,18,11,0.11789747459482736
1986,18,11,-0.237532435605321
1987,18,11,0.03974157147356074
1988,18,11,-0.08202001163933335
1989,18,11,0.1967710250909451
1990,18,11,0.02392588357879373
1991,18,11,-0.2893599047015088
1992,18,11,-0.3548943930671368
1993,18,11,-0.016580390446512466
1994,18,11,0.13102331482660207
1995,18,11,0.11512971807978013
1996,18,11,-0.3749110357976771
1997,18,11,-0.0010886245037377393
1998,18,11,-0.03675035041162279
1999,18,11,0.13790664346997764
2000,18,11,0.17298800287920787
2001,18,11,0.13362995069469066
2002,18,11,-0.13818934071007777
2003,18,11,0.11841408420768741
2004,18,11,0.05250242561574316
2005,18,11,0.1651572821304849
2006,18,11,0.12564944301164394
2007,18,11,-0.1762304977826771
2008,18,11,0.09843877847411538
2009,18,11,0.04454323490640682
2010,18,11,-0.11220372604778572
2011,18,11,-0.08365259087639118
2012,18,11,-0.09848808513937292
2013,18,11,0.06010767636942574
1980,19,11,0.28269019915046706
1981,19,11,0.34575511257734554
1982,19,11,-0.06998870372254518
1983,19,11,-0.10947431392255631
1984,19,11,0.13458756850976547
1985,19,11,0.5320141577268827
1986,19,11,-0.37022076452062147
1987,19,11,-0.5783046517830034
1988,19,11,-0.32917033495452375
1989,19,11,0.3338234879463152
1990,19,11,0.35086965793187547
1991,19,11,-0.28332067764906366
1992,19,11,-0.30411106746625144
1993,19,11,-0.6787188868218076
1994,19,11,0.17168923947806541
1995,19,11,-0.2624306263853531
1996,19,11,-0.1990679000875956
1997,19,11,0.1433823484268173
1998,19,11,0.022969923391249994
1999,19,11,-0.04257985076743352
2000,19,11,0.2015493420986353
2001,19,11,0.09207307293130172
2002,19,11,0.17779479966737458
2003,19,11,0.40781041706821436
2004,19,11,0.2812504323787063
2005,19,11,0.00828462717164967
2006,19,11,0.2641880088706882
2007,19,11,0.010877140651019152
2008,19,11,0.09419797778530627
2009,19,11,-0.08830448950148502
2010,19,11,-0.21727198005457085
2011,19,11,-0.1730667056395675
2012,19,11,-0.042436598254180724
2013,19,11,-0.09837633104634097
1980,20,11,0.08369218827653037
1981,20,11,-0.27555658786004655
1982,20,11,0.07431831142458514
1983,20,11,0.11340748754047257
1984,20,11,0.05523947896991502
1985,20,11,0.12870971894370828
1986,20,11,-0.061256626625494866
1987,20,11,0.08998884053222098
1988,20,11,0.000996156596851847
1989,20,11,-0.4593785230530568
1990,20,11,0.18615083616187875
1991,20,11,-0.048142390416775954
1992,20,11,-0.0685100781413571
1993,20,11,-0.020345387639773675
1994,20,11,0.10306328379916267
1995,20,11,-0.2643835749567057
1996,20,11,-0.35359809717423607
1997,20,11,0.3056786270543485
1998,20,11,0.3638393322942597
1999,20,11,0.2665068327626858
2000,20,11,0.032611622271882114
2001,20,11,-0.03258679213761221
2002,20,11,-0.1989310988768506
2003,20,11,0.30416910676666176
2004,20,11,-0.10856614939940501
2005,20,11,0.07017962852739353
2006,20,11,-0.16850265454542765
2007,20,11,-0.2412219420399881
2008,20,11,0.024641741768475344
2009,20,11,0.09123194110505631
2010,20,11,0.16945372361148073
2011,20,11,-0.14791907276014252
2012,20,11,0.08382074256783953
2013,20,11,-0.09993412744856006
1980,21,11,0.25445375694710876
1981,21,11,0.3941772325282954
1982,21,11,0.2040269786385646
1983,21,11,-0.18989506807469483
1984,21,11,0.024134379913172348
1985,21,11,-0.13963443515575236
1986,21,11,-0.3086291576339259
1987,21,11,0.07479394402943033
1988,21,11,0.2078305718080549
1989,21,11,0.127017787619197
1990,21,11,-0.12058275164868631
1991,21,11,-0.4592792229188783
1992,21,11,0.06601979655121085
1993,21,11,-0.024012385078830096
1994,21,11,0.19679766392581338
1995,21,11,0.027937174318798275
1996,21,11,0.07617447850346439
1997,21,11,-0.08390329391897572
1998,21,11,-0.15140635541031028
1999,21,11,-0.0464014990787801
2000,21,11,-0.11747389612917213
2001,21,11,0.04632331011314529
2002,21,11,-0.23070921801191227
2003,21,11,0.011958470205322206
2004,21,11,-0.11376401657123027
2005,21,11,0.17580144443435974
2006,21,11,0.16672700766838386
2007,21,11,-0.40822802051875456
2008,21,11,0.20099527039411882
2009,21,11,-0.08593708938065216
2010,21,11,-0.12742647788114883
2011,21,11,0.1572674700710604
2012,21,11,0.0031060175857310886
2013,21,11,0.2843920398767128
1980,26,11,0.0678297732226927
1981,26,11,0.2003979082488564
1982,26,11,-0.16124912217635376
1983,26,11,0.0005933973776397593
1984,26,11,0.15078944000104816
1985,26,11,0.29914395499092405
1986,26,11,-0.11191574766752027
1987,26,11,-0.09023400859048225
1988,26,11,-0.16286320863846673
1989,26,11,0.05288810850961809
1990,26,11,0.076395780925949
1991,26,11,-0.1671833232572574
1992,26,11,0.05018693565944309
1993,26,11,-0.27484052476116655
1994,26,11,-0.044099765792695624
1995,26,11,0.08237277016237768
1996,26,11,-0.39598383911747376
1997,26,11,0.0772562454731681
1998,26,11,-0.10665503791110056
1999,26,11,0.16077531965681746
2000,26,11,0.14469641006317777
2001,26,11,0.041028770216779045
2002,26,11,0.06952890930852577
2003,26,11,0.0609358978019219
2004,26,11,-0.017502078726459043
2005,26,11,0.012116314486050208
2006,26,11,0.10470123446315191
2007,26,11,-0.05149455335833002
2008,26,11,0.001727989429682323
2009,26,11,-0.08126729042786876
2010,26,11,-0.02248187676359993
2011,26,11,0.042833702331753785
2012,26,11,0.016640370433757868
2013,26,11,-0.004874060648856677
1980,27,11,-0.12882313044743052
1981,27,11,0.18528068758069474
1982,27,11,0.16420451155015356
1983,27,11,-0.011759781292260959
1984,27,11,0.321258823131448
1985,27,11,0.4272780796371805
1986,27,11,-0.02133955718441333
1987,27,11,0.09683097904984322
1988,27,11,-0.4418653638943487
1989,27,11,-0.006275457131918416
1990,27,11,0.23783979555700885
1991,27,11,-0.20114580304955543
1992,27,11,0.2575577884751108
1993,27,11,-0.3443778282302622
1994,27,11,-0.3266603650198074
1995,27,11,-0.2273740689144831
1996,27,11,0.001907535608529959
1997,27,11,-0.26122126039635263
1998,27,11,-0.05053652531928655
1999,27,11,-0.09021502876357121
2000,27,11,0.10757749588244764
2001,27,11,-0.02207964651362564
2002,27,11,-0.3070283206505453
2003,27,11,0.2577227866601437
2004,27,11,0.1470139211935869
2005,27,11,-0.1413802099727639
2006,27,11,-0.007642342380940581
2007,27,11,-0.008264385795523913
2008,27,11,0.14664816525567592
2009,27,11,0.06309078923802318
2010,27,11,0.09356053391241062
2011,27,11,-0.08801996519158718
2012,27,11,0.11655235471762797
2013,27,11,0.09509722145379262
1980,29,11,0.22099311630632032
1981,29,11,0.07514205579059402
1982,29,11,-0.12015720393770883
1983,29,11,-0.07219473363680688
1984,29,11,0.025519692028991136
1985,29,11,-0.05751385956975364
1986,29,11,-0.49884213487561435
1987,29,11,0.08774926803551548
1988,29,11,0.2571209006103725
1989,29,11,0.1912648126928548
1990,29,11,-0.057000035087961365
1991,29,11,-0.23284362777294224
1992,29,11,0.12630897573502814
1993,29,11,-0.16880192684858644
1994,29,11,0.027909798426948813
1995,29,11,-0.10405474772105548
1996,29,11,-0.2400877733724907
1997,29,11,0.2512464183124306
1998,29,11,0.03973255035027266
1999,29,11,0.08843851947835761
2000,29,11,0.12460458017592478
2001,29,11,0.07878591587916775
2002,29,11,-0.12994162157340988
2003,29,11,0.28145024278322844
2004,29,11,0.05697396792543444
2005,29,11,0.10222838293592874
2006,29,11,0.10565139156889637
2007,29,11,-0.19699994005835034
2008,29,11,-0.016997920315354107
2009,29,11,-0.03851431461600551
2010,29,11,-0.26264561691247656
2011,29,11,-0.07681545380243048
2012,29,11,0.058036407778511684
2013,29,11,0.07202092490162933
1980,30,11,-0.12134253617086153
1981,30,11,0.23599253082576938
1982,30,11,0.33655064670196083
1983,30,11,0.19733502284965607
1984,30,11,-0.13367858495395601
1985,30,11,-0.636232258529912
1986,30,11,0.11764730286498608
1987,30,11,0.23441583968456803
1988,30,11,-0.4996345368623247
1989,30,11,-0.1082182826114848
1990,30,11,-0.02210756950312465
1991,30,11,0.21297540852059652
1992,30,11,0.019907855165963415
1993,30,11,0.3782485691021073
1994,30,11,0.12337405380249114
1995,30,11,0.24322905433302958
1996,30,11,-0.0534095210940118
1997,30,11,0.04855243541963515
1998,30,11,0.04953247721400629
1999,30,11,-0.03556281731380703
2000,30,11,-0.12794363159527825
2001,30,11,-0.3872281194744783
2002,30,11,-0.3563715285168999
2003,30,11,-0.12867129524504764
2004,30,11,0.04342177142538822
2005,30,11,0.1759265166596437
2006,30,11,-0.0672653360778123
2007,30,11,-0.07349640351597589
2008,30,11,-0.09153085746268277
2009,30,11,0.0029666798683373754
2010,30,11,0.22886811209498656
2011,30,11,0.0547247969245397
2012,30,11,0.026859690003491456
2013,30,11,0.12287011008931834
1980,31,11,0.15881116115039356
1981,31,11,0.10865595999441889
1982,31,11,0.052253900966636596
1983,31,11,0.10854602163395391
1984,31,11,-0.21143842674693064
1985,31,11,0.06691148517532873
1986,31,11,0.0144416139759369
1987,31,11,0.1886687735838208
1988,31,11,-0.05271978616110172
1989,31,11,-0.34784459416364844
1990,31,11,0.04110733312419103
1991,31,11,-0.15288890258348278
1992,31,11,-0.30524940456020233
1993,31,11,-0.08628828180915847
1994,31,11,-0.05838810923045327
1995,31,11,0.15395339702638094
1996,31,11,-0.08540153538452265
1997,31,11,-0.0007742459516903215
1998,31,11,0.23055780989683175
1999,31,11,0.2046704219144281
2000,31,11,-0.05418620980678968
2001,31,11,-0.06354834925305874
2002,31,11,-0.16393817441746142
2003,31,11,0.2039874196650143
2004,31,11,-0.10409911925526497
2005,31,11,0.0008504851461680242
2006,31,11,-0.088665270720219
2007,31,11,0.09502114063414811
2008,31,11,0.1113555926865555
2009,31,11,0.1882871316759753
2010,31,11,0.04676172088910459
2011,31,11,0.11524593263948668
2012,31,11,-0.002715887652396116
2013,31,11,-0.30951663925171846
1980,37,11,0.0153491263432405
1981,37,11,0.0891030277776595
1982,37,11,0.0066677944376636366
1983,37,11,-0.20708471935483544
1984,37,11,0.12112087988824592
1985,37,11,-0.19803406024519288
1986,37,11,-0.16757623483056558
1987,37,11,0.04838949337722715
1988,37,11,0.32563774975455156
1989,37,11,-0.12209761747004404
1990,37,11,0.036411128179650976
1991,37,11,-0.04736924520421255
1992,37,11,0.24909155911265382
1993,37,11,0.03070104858916087
1994,37,11,0.19984786656306974
1995,37,11,0.024579645106430074
1996,37,11,0.06877318507945483
1997,37,11,0.20215924390063417
1998,37,11,-0.02866271366968024
1999,37,11,0.10131645183788887
2000,37,11,-0.06908917620346067
2001,37,11,-0.34286141935197917
2002,37,11,-0.2630977493473
2003,37,11,-0.32452160462037516
2004,37,11,-0.07876075953431444
2005,37,11,0.05439513908202042
2006,37,11,0.04425842280897776
2007,37,11,-0.2575164239748322
2008,37,11,0.22125022293176838
2009,37,11,-0.03493745545466234
2010,37,11,-0.35948935558513695
2011,37,11,0.33810281778891227
2012,37,11,0.15312625102032346
2013,37,11,0.1758397497609172
1980,38,11,-0.3710039641731269
1981,38,11,0.12177577585803682
1982,38,11,0.22696820243324725
1983,38,11,0.030469679055910665
1984,38,11,0.2407326292566707
1985,38,11,0.31071005511050936
1986,38,11,0.13447572436163782
1987,38,11,0.06417772047432638
1988,38,11,-0.5950280336187682
1989,38,11,-0.19890235483664134
1990,38,11,0.19441909851428063
1991,38,11,0.05355908318544291
1992,38,11,0.3886453403909143
1993,38,11,-0.033435358708433886
1994,38,11,0.023452501955116986
1995,38,11,-0.1265929024181225
1996,38,11,0.009719363796820712
1997,38,11,-0.2591886926633192
1998,38,11,-0.005768527757205203
1999,38,11,-0.19753020252297349
2000,38,11,-0.04074334612772301
2001,38,11,-0.05952488784191354
2002,38,11,-0.2854839362953702
2003,38,11,0.08937384065739327
2004,38,11,0.09578354063969483
2005,38,11,-0.033153155475540465
2006,38,11,-0.18171480449792746
2007,38,11,-0.016216948863038157
2008,38,11,-0.05699730462946053
2009,38,11,0.20168705262191458
2010,38,11,0.15904785284930123
2011,38,11,-0.20515996717821858
2012,38,11,0.15733094565608577
2013,38,11,0.18454666194103214
1980,39,11,0.09316658918173816
1981,39,11,-0.03713085860258202
1982,39,11,-0.20346336802552079
1983,39,11,-0.017145902673574475
1984,39,11,-0.16488225420306038
1985,39,11,0.24111213105038226
1986,39,11,-0.12820103280522813
1987,39,11,0.1203133109125541
1988,39,11,-0.072839727702807
1989,39,11,-0.010866772726545626
1990,39,11,0.1481623919679681
1991,39,11,-0.11112344793653561
1992,39,11,-0.08467237745732623
1993,39,11,-0.05993192604359952
1994,39,11,0.05760829971698681
1995,39,11,0.0981345815721279
1996,39,11,-0.3307964793532949
1997,39,11,0.037654534020763894
1998,39,11,0.0891646971697517
1999,39,11,0.1937721674661937
2000,39,11,0.2252350339397123
2001,39,11,0.07658492114698759
2002,39,11,-0.021479264161314206
2003,39,11,0.06217243354931804
2004,39,11,-0.01859657099163618
2005,39,11,0.10818814066067625
2006,39,11,0.05414647092881135
2007,39,11,-0.14171266771778956
2008,39,11,0.03420148328246568
2009,39,11,0.07962685587553854
2010,39,11,-0.1035309875980282
2011,39,11,-0.15305002149056224
2012,39,11,-0.07126645765491937
2013,39,11,-0.0017798464741623035
1980,40,11,0.1253194178747852
1981,40,11,-0.025385691544818723
1982,40,11,0.24032403983636233
1983,40,11,-0.1562934138263
1984,40,11,0.08725076918654416
1985,40,11,-0.06861529171999221
1986,40,11,-0.09964817407931598
1987,40,11,-0.2019626501307278
1988,40,11,0.09827159296064132
1989,40,11,-0.05876418564224095
1990,40,11,0.20120351087910293
1991,40,11,-0.17976552186138745
1992,40,11,0.039309064298753874
1993,40,11,-0.0012787587376027773
1994,40,11,-0.07103761901921683
1995,40,11,-0.26764536312898807
1996,40,11,-0.3733786110735623
1997,40,11,0.162727190810783
1998,40,11,0.3892666444007581
1999,40,11,0.08799010634040762
2000,40,11,0.08704162541608879
2001,40,11,0.016156467655996286
2002,40,11,-0.21838665063956444
2003,40,11,0.2570957015370379
2004,40,11,0.25025216140031276
2005,40,11,0.06210425195927009
2006,40,11,-0.3203865748248198
2007,40,11,-0.20851744260724553
2008,40,11,0.42206747490701374
2009,40,11,-0.35145116065223847
2010,40,11,0.09930001689324487
2011,40,11,-0.33225063810418276
2012,40,11,0.3920013179016999
2013,40,11,-0.08257031388864555
1980,46,11,-0.2863028813438442
1981,46,11,-0.01065784542457375
1982,46,11,0.11281306168655672
1983,46,11,0.2527016022074186
1984,46,11,0.3250830723629564
1985,46,11,0.09474497510771132
1986,46,11,0.07286712112976967
1987,46,11,0.14472608388479144
1988,46,11,-0.599842199139329
1989,46,11,-0.20449634791241109
1990,46,11,0.13976636445853943
1991,46,11,0.031002873135024235
1992,46,11,-0.034035425358612065
1993,46,11,0.014163892931902356
1994,46,11,-0.11634730596090107
1995,46,11,0.05286092403170293
1996,46,11,0.05765949183066365
1997,46,11,-0.21347278364888894
1998,46,11,0.11862456469587256
1999,46,11,0.20962406963116978
2000,46,11,0.15858941863740236
2001,46,11,-0.23587869624180968
2002,46,11,-0.5674987860591421
2003,46,11,0.12083089782838682
2004,46,11,0.12790808879923143
2005,46,11,0.13618773094015796
2006,46,11,-0.2938436114439176
2007,46,11,0.11994509505835468
2008,46,11,0.27093439887956583
2009,46,11,0.06934621245444753
2010,46,11,0.14860002280272236
2011,46,11,-0.06980491610111265
2012,46,11,0.08392963899064505
2013,46,11,-0.2195805989589553
1980,48,11,0.010907315012570343
1981,48,11,0.2534738440343179
1982,48,11,-0.056109048858457286
1983,48,11,0.12587314215888787
1984,48,11,0.10776307886203905
1985,48,11,0.2736810765210217
1986,48,11,-0.17658343169539378
1987,48,11,-0.16902108115074174
1988,48,11,-0.19582065755402156
1989,48,11,-0.4892109516495477
1990,48,11,0.11818631141574003
1991,48,11,-0.21347556691118996
1992,48,11,0.2826735250564599
1993,48,11,0.14721151662610635
1994,48,11,-0.25046250997739633
1995,48,11,-0.2153879267457314
1996,48,11,-0.23650506732885893
1997,48,11,0.15741710888940896
1998,48,11,0.38532700242024437
1999,48,11,0.23389781324233289
2000,48,11,-0.3058361713990717
2001,48,11,0.23802841020246412
2002,48,11,-0.21271242841769145
2003,48,11,-0.048762635335371694
2004,48,11,0.1305560152237722
2005,48,11,0.15745090978543774
2006,48,11,-0.5944201925142413
2007,48,11,0.5349895860004601
2008,48,11,0.16747478106256483
2009,48,11,-0.3384805028911855
2010,48,11,0.5627043311089515
2011,48,11,-0.3417857102925755
2012,48,11,0.20237022188072357
2013,48,11,-0.24035924904375733
1980,53,11,0.023661494057514856
1981,53,11,0.11148287367364106
1982,53,11,-0.0346835633049173
1983,53,11,0.16411394446953026
1984,53,11,0.15830330415070276
1985,53,11,-0.09232565942800754
1986,53,11,-0.0918238201037161
1987,53,11,0.07657049594649708
1988,53,11,0.1252236135124413
1989,53,11,-0.3074975504856056
1990,53,11,0.10982534562828396
1991,53,11,-0.49238441894392004
1992,53,11,-0.14791640043501192
1993,53,11,0.14518672387208836
1994,53,11,-0.06286159038452634
1995,53,11,0.04605030074993461
1996,53,11,0.1876501640305817
1997,53,11,0.10763189438148109
1998,53,11,0.054660581627059834
1999,53,11,-0.1281620366110678
2000,53,11,0.17123945413481237
2001,53,11,-0.06921967606100067
2002,53,11,-0.08443112937075434
2003,53,11,-0.004768154599211825
2004,53,11,0.04696375502081074
2005,53,11,0.030085377793854246
2006,53,11,0.01399959286462415
2007,53,11,-0.0418716663296754
2008,53,11,-0.14643063823291522
2009,53,11,-0.12259612756274982
2010,53,11,0.02795874940091261
2011,53,11,0.1334560675883941
2012,53,11,0.055807542475760995
2013,53,11,0.04203752245518689
1980,55,11,-0.009686898091564165
1981,55,11,0.12215681988604746
1982,55,11,0.11485174762688241
1983,55,11,-0.003231659832396656
1984,55,11,0.26262466186053524
1985,55,11,0.2634884782146573
1986,55,11,0.20342822806881036
1987,55,11,-0.14886680239148808
1988,55,11,-0.2072832076304669
1989,55,11,-0.003435788933354279
1990,55,11,0.09566290460527724
1991,55,11,-0.10124581743982941
1992,55,11,-0.6598295695898705
1993,55,11,-0.338203597396753
1994,55,11,0.06622626001198782
1995,55,11,0.06623881730812291
1996,55,11,-0.2609927173491241
1997,55,11,0.0383966406770382
1998,55,11,0.00780742113273881
1999,55,11,0.08208628394696837
2000,55,11,0.11050614235228527
2001,55,11,0.12346309642232009
2002,55,11,0.01901324861036583
2003,55,11,0.05262268670375546
2004,55,11,-0.06926180065595411
2005,55,11,-0.12972077477601054
2006,55,11,0.21922204606089202
2007,55,11,0.07000357704263248
2008,55,11,0.044806823466865646
2009,55,11,0.06861692405982739
2010,55,11,0.011756107085705665
2011,55,11,0.027834609052486022
2012,55,11,0.11491487900585777
2013,55,11,-0.22523677297388692
